zcr_similarity,rhythm_similarity,chroma_similarity,energy_envelope_similarity,spectral_contrast_similarity,perceptual_similarity,swass,emotion
0.9895322811616434,0.5338188060590154,0.6764428019523621,0.5380157934713561,0.8731802007229728,0.5992878800315067,0.7009359532603384,disgust
0.9792290132355949,0.49990330747681716,0.6467930376529694,0.4843869962661293,0.8481349970324575,0.5460031251419872,0.6676378960313325,happiness
0.9855970733163992,0.6033667681826727,0.647819846868515,0.4887903728214608,0.8644280707739094,0.5409784080124115,0.6908742636355367,fear
0.9253967219398813,0.5936152215946107,0.7225947678089142,0.559016430997514,0.8446568211794571,0.6280980739915717,0.7143082822846927,anger
0.9986450789490209,0.5558406148083624,0.6853991150856018,0.5244667692828051,0.8419967656437188,0.5690152806650094,0.6984263713942513,sadness
