zcr_similarity,rhythm_similarity,chroma_similarity,energy_envelope_similarity,spectral_contrast_similarity,perceptual_similarity,swass,emotion
0.9754012377342209,0.5869329897627337,0.6970712542533875,0.5705270315878219,0.8599060133875789,0.5578680206847348,0.7064980049845555,ps
0.9969664959048199,0.5908087318466712,0.806068018078804,0.6687509580143557,0.9033557821031023,0.805803719671677,0.7971400671121402,happy
0.9325208487793805,0.5437661794843799,0.6825358867645264,0.5767872473919508,0.8551104546625827,0.6504036188207118,0.7050350769752531,disgust
0.9261031406063994,0.6429225055908764,0.8077781647443771,0.627784864840716,0.9040675382299828,0.7067352522821715,0.7698930529518349,fear
0.9205819217065165,0.606523861139458,0.7835697382688522,0.6561161145754698,0.8864653421245478,0.8233803715639876,0.7810693242057647,neutral
0.9769372490788099,0.7221569003158601,0.7729043960571289,0.6566111111973625,0.8979113596500712,0.7787819488769054,0.8056083459504843,angry
0.9637955092027772,0.7181678430277196,0.7062879204750061,0.6465589333146163,0.8778742142216001,0.761068089187221,0.7823071871321665,sad
